sample_id,hypothesis_rank,predicted_database_ids,model_probability,n_phases,residual_norm
XRDV3_0046,1,9008597,0.564366792915024,1,0.7185542306364163
XRDV3_0046,2,9008597;1509145,0.1808786411010158,2,0.7341268637218248
XRDV3_0046,3,9008597;9013045,0.1560205378381357,2,0.73924121658449
XRDV3_0054,1,1011031;2102244;6000196,0.13218275947296407,3,0.25210303997723166
XRDV3_0054,2,1011031;2102244,0.11827902212249067,2,0.2771813124477841
XRDV3_0054,3,1011031;2102244;9014004,0.07298514636283764,3,0.2790183471329436
XRDV3_0100,1,9010928;9000971;7214217,0.009029047603221499,3,0.6966501191420943
XRDV3_0100,2,9010928;9000971;1547347,0.009028093485951969,3,0.696204221370513
XRDV3_0100,3,9010928;9000971;7214218,0.009025763654283698,3,0.6966628826070685
